group,n,accuracy,macro_precision,macro_recall,macro_f1
High (>50% English),2931,0.6284544524053224,0.40584037231588904,0.48502211679768914,0.43054603780877526
